amplitude_induced;amplitude_evoked;modulation_induced;modulation_evoked;subjects;condition;time;RDK_id;RDK_position1;RDK_position2;RDK_freq;RDK_color;RDK_ispresented;RDK_isattended;RDK_isattended2;RDK_electrodes
3.28931728363037;1.73628880739212;0;0;22;1;[-1 0] ;RDK1;center;center;26;blue;presented;attended;attended;{'POz','O1','Oz','I2','Iz'}
5.14186786651611;3.77371767282486;0;0;22;1;[-1 0] ;RDK2;center;center;23;redish;presented;not attended;not attended;{'POz','O1','Oz','I2','Iz'}
5.18252608992837;2.43763581622731;0;0;22;1;[-1 0] ;RDK3;left;peri;17;blue;presented;attended;attended + not attended;{'P6','P8','P10','PO4','PO8','O2','I2','POz','Oz','Iz','O1'}
3.73377019708807;0.948027898506685;0;0;22;1;[-1 0] ;RDK4;left;peri;20;redish;presented;not attended;not attended + attended;{'P6','P8','P10','PO4','PO8','O2','I2','POz','Oz','Iz','O1'}
5.98782020915638;0.447844858332114;0;0;22;1;[-1 0] ;RDK5;left;peri;14;green;not presented;irrelevant;irrelevant;{'P6','P8','P10','PO4','PO8','O2','I2','POz','Oz','Iz','O1'}
3.16552140235901;1.32979125261307;0;0;22;2;[-1 0] ;RDK1;center;center;26;blue;presented;not attended;not attended;{'POz','O1','Oz','I2','Iz'}
5.01719765663147;3.59768637418747;0;0;22;2;[-1 0] ;RDK2;center;center;23;redish;presented;attended;attended;{'POz','O1','Oz','I2','Iz'}
5.06736614487388;2.68137449838898;0;0;22;2;[-1 0] ;RDK3;left;peri;17;blue;presented;not attended;not attended + attended;{'P6','P8','P10','PO4','PO8','O2','I2','POz','Oz','Iz','O1'}
3.91886172728105;0.74469855373556;0;0;22;2;[-1 0] ;RDK4;left;peri;20;redish;presented;attended;attended + not attended;{'P6','P8','P10','PO4','PO8','O2','I2','POz','Oz','Iz','O1'}
5.68630857034163;0.780203167552298;0;0;22;2;[-1 0] ;RDK5;left;peri;14;green;not presented;irrelevant;irrelevant;{'P6','P8','P10','PO4','PO8','O2','I2','POz','Oz','Iz','O1'}
3.09959696769714;1.41191672086716;0;0;22;3;[-1 0] ;RDK1;center;center;26;blue;presented;attended;attended;{'POz','O1','Oz','I2','Iz'}
5.10949686050415;3.68554680585861;0;0;22;3;[-1 0] ;RDK2;center;center;23;redish;presented;not attended;not attended;{'POz','O1','Oz','I2','Iz'}
5.17949675213207;2.36603960557417;0;0;22;3;[-1 0] ;RDK3;left;peri;17;blue;presented;attended;attended + irrelevant;{'P6','P8','P10','PO4','PO8','O2','I2','POz','Oz','Iz','O1'}
3.83254642920061;0.685706239938736;0;0;22;3;[-1 0] ;RDK4;left;peri;20;redish;not presented;not attended;not attended;{'P6','P8','P10','PO4','PO8','O2','I2','POz','Oz','Iz','O1'}
5.67005900469693;0.799276715889573;0;0;22;3;[-1 0] ;RDK5;left;peri;14;green;presented;irrelevant;irrelevant + attended;{'P6','P8','P10','PO4','PO8','O2','I2','POz','Oz','Iz','O1'}
3.14329883575439;1.43908494710922;0;0;22;4;[-1 0] ;RDK1;center;center;26;blue;presented;not attended;not attended;{'POz','O1','Oz','I2','Iz'}
5.22114090919495;3.94790552139282;0;0;22;4;[-1 0] ;RDK2;center;center;23;redish;presented;attended;attended;{'POz','O1','Oz','I2','Iz'}
4.83342834819447;0.384733229807832;0;0;22;4;[-1 0] ;RDK3;left;peri;17;blue;not presented;not attended;not attended;{'P6','P8','P10','PO4','PO8','O2','I2','POz','Oz','Iz','O1'}
3.8648728760806;0.863782096518712;0;0;22;4;[-1 0] ;RDK4;left;peri;20;redish;presented;attended;attended + irrelevant;{'P6','P8','P10','PO4','PO8','O2','I2','POz','Oz','Iz','O1'}
6.27213600332087;1.20948741436005;0;0;22;4;[-1 0] ;RDK5;left;peri;14;green;presented;irrelevant;irrelevant + attended;{'P6','P8','P10','PO4','PO8','O2','I2','POz','Oz','Iz','O1'}
3.07058116912842;1.40059755563736;0;0;22;5;[-1 0] ;RDK1;center;center;26;blue;presented;attended;attended;{'POz','O1','Oz','I2','Iz'}
5.17147318840027;3.79692091464996;0;0;22;5;[-1 0] ;RDK2;center;center;23;redish;presented;not attended;not attended;{'POz','O1','Oz','I2','Iz'}
4.4128201528029;0.320802795480598;0;0;22;5;[-1 0] ;RDK3;left;peri;17;blue;not presented;attended;attended;{'P6','P8','P10','PO4','PO8','O2','I2','POz','Oz','Iz','O1'}
3.81068637154319;0.695175979896025;0;0;22;5;[-1 0] ;RDK4;left;peri;20;redish;presented;not attended;not attended + irrelevant;{'P6','P8','P10','PO4','PO8','O2','I2','POz','Oz','Iz','O1'}
6.30710013996471;1.25196936347268;0;0;22;5;[-1 0] ;RDK5;left;peri;14;green;presented;irrelevant;irrelevant + not attended;{'P6','P8','P10','PO4','PO8','O2','I2','POz','Oz','Iz','O1'}
3.10964467048645;1.43091411828995;0;0;22;6;[-1 0] ;RDK1;center;center;26;blue;presented;not attended;not attended;{'POz','O1','Oz','I2','Iz'}
5.09113507270813;3.63397212028503;0;0;22;6;[-1 0] ;RDK2;center;center;23;redish;presented;attended;attended;{'POz','O1','Oz','I2','Iz'}
5.41366518194025;2.36110465932976;0;0;22;6;[-1 0] ;RDK3;left;peri;17;blue;presented;not attended;not attended + irrelevant;{'P6','P8','P10','PO4','PO8','O2','I2','POz','Oz','Iz','O1'}
3.70503462878141;0.566029255769469;0;0;22;6;[-1 0] ;RDK4;left;peri;20;redish;not presented;attended;attended;{'P6','P8','P10','PO4','PO8','O2','I2','POz','Oz','Iz','O1'}
6.08558503064242;0.753520819815722;0;0;22;6;[-1 0] ;RDK5;left;peri;14;green;presented;irrelevant;irrelevant + not attended;{'P6','P8','P10','PO4','PO8','O2','I2','POz','Oz','Iz','O1'}
3.31429300308228;1.94956011772156;0.759297972749495;12.2831702549398;22;1;[0.5 1.5] ;RDK1;center;center;26;blue;presented;attended;attended;{'POz','O1','Oz','I2','Iz'}
4.32736450195312;2.99082395076752;-15.8406125110107;-20.7459537234352;22;1;[0.5 1.5] ;RDK2;center;center;23;redish;presented;not attended;not attended;{'POz','O1','Oz','I2','Iz'}
4.53407875407826;2.17925097346306;-12.5121866170687;-10.5998131896563;22;1;[0.5 1.5] ;RDK3;left;peri;17;blue;presented;attended;attended + not attended;{'P6','P8','P10','PO4','PO8','O2','I2','POz','Oz','Iz','O1'}
3.55836108381098;0.770067385109988;-4.69790865581092;-18.7716536271788;22;1;[0.5 1.5] ;RDK4;left;peri;20;redish;presented;not attended;not attended + attended;{'P6','P8','P10','PO4','PO8','O2','I2','POz','Oz','Iz','O1'}
4.99459687146274;0.965018625151027;-16.5873941267449;115.480563681137;22;1;[0.5 1.5] ;RDK5;left;peri;14;green;not presented;irrelevant;irrelevant;{'P6','P8','P10','PO4','PO8','O2','I2','POz','Oz','Iz','O1'}
2.97104012489319;0.97968608751893;-6.14373598361676;-26.3278288533011;22;2;[0.5 1.5] ;RDK1;center;center;26;blue;presented;not attended;not attended;{'POz','O1','Oz','I2','Iz'}
5.57601648330688;4.49557169914246;11.1380668038222;24.9572984292655;22;2;[0.5 1.5] ;RDK2;center;center;23;redish;presented;attended;attended;{'POz','O1','Oz','I2','Iz'}
4.48584768555381;1.91502951004288;-11.4757537287557;-28.580304198706;22;2;[0.5 1.5] ;RDK3;left;peri;17;blue;presented;not attended;not attended + attended;{'P6','P8','P10','PO4','PO8','O2','I2','POz','Oz','Iz','O1'}
3.62711950215426;1.00380306569013;-7.44456542306229;34.793207352807;22;2;[0.5 1.5] ;RDK4;left;peri;20;redish;presented;attended;attended + not attended;{'P6','P8','P10','PO4','PO8','O2','I2','POz','Oz','Iz','O1'}
4.92158390391957;0.720612179420211;-13.4485256465095;-7.63788082520087;22;2;[0.5 1.5] ;RDK5;left;peri;14;green;not presented;irrelevant;irrelevant;{'P6','P8','P10','PO4','PO8','O2','I2','POz','Oz','Iz','O1'}
3.3399605846405;1.76998237848282;7.75467325101746;25.3602533579848;22;3;[0.5 1.5] ;RDK1;center;center;26;blue;presented;attended;attended;{'POz','O1','Oz','I2','Iz'}
4.20867552757263;2.76965896606445;-17.6303334266583;-24.8507992989873;22;3;[0.5 1.5] ;RDK2;center;center;23;redish;presented;not attended;not attended;{'POz','O1','Oz','I2','Iz'}
4.44378777850758;1.94842357364568;-14.2042559119599;-17.6504244030671;22;3;[0.5 1.5] ;RDK3;left;peri;17;blue;presented;attended;attended + irrelevant;{'P6','P8','P10','PO4','PO8','O2','I2','POz','Oz','Iz','O1'}
3.44258756637573;0.380875477127053;-10.1749286023969;-44.4550078527676;22;3;[0.5 1.5] ;RDK4;left;peri;20;redish;not presented;not attended;not attended;{'P6','P8','P10','PO4','PO8','O2','I2','POz','Oz','Iz','O1'}
4.98211976398121;0.619654489105398;-12.132840948319;-22.4730963899356;22;3;[0.5 1.5] ;RDK5;left;peri;14;green;presented;irrelevant;irrelevant + attended;{'P6','P8','P10','PO4','PO8','O2','I2','POz','Oz','Iz','O1'}
3.13366095542908;1.19285650491714;-0.306616737030818;-17.1100700265604;22;4;[0.5 1.5] ;RDK1;center;center;26;blue;presented;not attended;not attended;{'POz','O1','Oz','I2','Iz'}
5.49119927406311;4.2391797709465;5.17240138822082;7.37794377234537;22;4;[0.5 1.5] ;RDK2;center;center;23;redish;presented;attended;attended;{'POz','O1','Oz','I2','Iz'}
4.052119363438;0.525282241133126;-16.164695708137;36.5315497690429;22;4;[0.5 1.5] ;RDK3;left;peri;17;blue;not presented;not attended;not attended;{'P6','P8','P10','PO4','PO8','O2','I2','POz','Oz','Iz','O1'}
3.5549794847315;0.933451448245482;-8.01820399493617;8.06561654930771;22;4;[0.5 1.5] ;RDK4;left;peri;20;redish;presented;attended;attended + irrelevant;{'P6','P8','P10','PO4','PO8','O2','I2','POz','Oz','Iz','O1'}
5.17701154188676;1.29067143635316;-17.4601517067595;6.71226678584929;22;4;[0.5 1.5] ;RDK5;left;peri;14;green;presented;irrelevant;irrelevant + attended;{'P6','P8','P10','PO4','PO8','O2','I2','POz','Oz','Iz','O1'}
3.44861464500427;2.15073619365692;12.3114633697555;53.5584711682723;22;5;[0.5 1.5] ;RDK1;center;center;26;blue;presented;attended;attended;{'POz','O1','Oz','I2','Iz'}
4.42659742355347;2.93402261137962;-14.4035507429019;-22.7262648516315;22;5;[0.5 1.5] ;RDK2;center;center;23;redish;presented;not attended;not attended;{'POz','O1','Oz','I2','Iz'}
3.87171095067804;0.484802443466403;-12.2622083698824;51.1216393049554;22;5;[0.5 1.5] ;RDK3;left;peri;17;blue;not presented;attended;attended;{'P6','P8','P10','PO4','PO8','O2','I2','POz','Oz','Iz','O1'}
3.62486798546531;1.20140548727729;-4.87624453866119;72.8203393127853;22;5;[0.5 1.5] ;RDK4;left;peri;20;redish;presented;not attended;not attended + irrelevant;{'P6','P8','P10','PO4','PO8','O2','I2','POz','Oz','Iz','O1'}
5.44261384010315;1.43917505768212;-13.7065573825882;14.9528973848194;22;5;[0.5 1.5] ;RDK5;left;peri;14;green;presented;irrelevant;irrelevant + not attended;{'P6','P8','P10','PO4','PO8','O2','I2','POz','Oz','Iz','O1'}
2.92760776519775;1.15608103752136;-5.85394553327598;-19.206818722079;22;6;[0.5 1.5] ;RDK1;center;center;26;blue;presented;not attended;not attended;{'POz','O1','Oz','I2','Iz'}
5.62735001564026;4.31017216682434;10.5323259994927;18.6077389742403;22;6;[0.5 1.5] ;RDK2;center;center;23;redish;presented;attended;attended;{'POz','O1','Oz','I2','Iz'}
4.69658656553789;2.36474679776213;-13.2457141752044;0.154255696289485;22;6;[0.5 1.5] ;RDK3;left;peri;17;blue;presented;not attended;not attended + irrelevant;{'P6','P8','P10','PO4','PO8','O2','I2','POz','Oz','Iz','O1'}
3.31760945753618;0.482074781574986;-10.4567220029642;-14.8321793155999;22;6;[0.5 1.5] ;RDK4;left;peri;20;redish;not presented;attended;attended;{'P6','P8','P10','PO4','PO8','O2','I2','POz','Oz','Iz','O1'}
4.906745039333;0.730341410636902;-19.3710216088293;-3.07614714408146;22;6;[0.5 1.5] ;RDK5;left;peri;14;green;presented;irrelevant;irrelevant + not attended;{'P6','P8','P10','PO4','PO8','O2','I2','POz','Oz','Iz','O1'}
3.16456057548523;1.44461690425873;-3.79278425848447;-16.798582234224;22;1;[1 2] ;RDK1;center;center;26;blue;presented;attended;attended;{'POz','O1','Oz','I2','Iz'}
4.65355481147766;3.30435682415962;-9.49680286843525;-12.4376248929585;22;1;[1 2] ;RDK2;center;center;23;redish;presented;not attended;not attended;{'POz','O1','Oz','I2','Iz'}
4.91417729204351;2.12621428478848;-5.17795363165386;-12.7755561091488;22;1;[1 2] ;RDK3;left;peri;17;blue;presented;attended;attended + not attended;{'P6','P8','P10','PO4','PO8','O2','I2','POz','Oz','Iz','O1'}
3.58765688809482;0.812663913044062;-3.9132914261088;-14.2784812214751;22;1;[1 2] ;RDK4;left;peri;20;redish;presented;not attended;not attended + attended;{'P6','P8','P10','PO4','PO8','O2','I2','POz','Oz','Iz','O1'}
5.19322848753496;0.533236914060333;-13.2701332683029;19.067329710168;22;1;[1 2] ;RDK5;left;peri;14;green;not presented;irrelevant;irrelevant;{'P6','P8','P10','PO4','PO8','O2','I2','POz','Oz','Iz','O1'}
2.9192878818512;1.06240429401398;-7.77860861481823;-20.1074385226756;22;2;[1 2] ;RDK1;center;center;26;blue;presented;not attended;not attended;{'POz','O1','Oz','I2','Iz'}
5.44115791320801;4.19390585422516;8.45014060819727;16.5723028087001;22;2;[1 2] ;RDK2;center;center;23;redish;presented;attended;attended;{'POz','O1','Oz','I2','Iz'}
4.86482172012329;2.18598686131564;-3.99703552022742;-18.4751379328393;22;2;[1 2] ;RDK3;left;peri;17;blue;presented;not attended;not attended + attended;{'P6','P8','P10','PO4','PO8','O2','I2','POz','Oz','Iz','O1'}
3.54404626759616;0.839549572901292;-9.56439613767499;12.7368340773512;22;2;[1 2] ;RDK4;left;peri;20;redish;presented;attended;attended + not attended;{'P6','P8','P10','PO4','PO8','O2','I2','POz','Oz','Iz','O1'}
5.33395288640803;0.878607827425003;-6.19656284168968;12.6126967904304;22;2;[1 2] ;RDK5;left;peri;14;green;not presented;irrelevant;irrelevant;{'P6','P8','P10','PO4','PO8','O2','I2','POz','Oz','Iz','O1'}
3.12712899208069;1.46378617763519;0.888245299968782;3.67369094801704;22;3;[1 2] ;RDK1;center;center;26;blue;presented;attended;attended;{'POz','O1','Oz','I2','Iz'}
4.52910408973694;3.18353227853775;-11.359098295051;-13.6211681404466;22;3;[1 2] ;RDK2;center;center;23;redish;presented;not attended;not attended;{'POz','O1','Oz','I2','Iz'}
4.50108366012573;1.74352799220519;-13.0980503410312;-26.3102786573144;22;3;[1 2] ;RDK3;left;peri;17;blue;presented;attended;attended + irrelevant;{'P6','P8','P10','PO4','PO8','O2','I2','POz','Oz','Iz','O1'}
3.66371278762817;0.391729232804342;-4.40526017600386;-42.8721499108218;22;3;[1 2] ;RDK4;left;peri;20;redish;not presented;not attended;not attended;{'P6','P8','P10','PO4','PO8','O2','I2','POz','Oz','Iz','O1'}
5.11574508493597;0.607450240850449;-9.77615787246278;-24.0000079103552;22;3;[1 2] ;RDK5;left;peri;14;green;presented;irrelevant;irrelevant + attended;{'P6','P8','P10','PO4','PO8','O2','I2','POz','Oz','Iz','O1'}
2.94426561355591;1.07112307295203;-6.33198536310082;-25.5691559345637;22;4;[1 2] ;RDK1;center;center;26;blue;presented;not attended;not attended;{'POz','O1','Oz','I2','Iz'}
5.40774858474731;4.1796458864212;3.57407851651224;5.86995721586123;22;4;[1 2] ;RDK2;center;center;23;redish;presented;attended;attended;{'POz','O1','Oz','I2','Iz'}
4.06554850231517;0.489711286533963;-15.8868569173294;27.2859344066967;22;4;[1 2] ;RDK3;left;peri;17;blue;not presented;not attended;not attended;{'P6','P8','P10','PO4','PO8','O2','I2','POz','Oz','Iz','O1'}
3.63680228320035;0.998647081174634;-5.90111499634982;15.61331094954;22;4;[1 2] ;RDK4;left;peri;20;redish;presented;attended;attended + irrelevant;{'P6','P8','P10','PO4','PO8','O2','I2','POz','Oz','Iz','O1'}
5.40039935978976;1.51415921124545;-13.8985609219818;25.1901585141015;22;4;[1 2] ;RDK5;left;peri;14;green;presented;irrelevant;irrelevant + attended;{'P6','P8','P10','PO4','PO8','O2','I2','POz','Oz','Iz','O1'}
3.17757750511169;1.74669739246368;3.48456302210851;24.7108696879617;22;5;[1 2] ;RDK1;center;center;26;blue;presented;attended;attended;{'POz','O1','Oz','I2','Iz'}
4.56500489234924;3.26057920455933;-11.7271863153298;-14.1257013813806;22;5;[1 2] ;RDK2;center;center;23;redish;presented;not attended;not attended;{'POz','O1','Oz','I2','Iz'}
4.21258312572132;0.449874244156209;-4.53762039122286;40.2338915040461;22;5;[1 2] ;RDK3;left;peri;17;blue;not presented;attended;attended;{'P6','P8','P10','PO4','PO8','O2','I2','POz','Oz','Iz','O1'}
3.72085848721591;1.08378793055361;-2.35726259180192;55.9012339171598;22;5;[1 2] ;RDK4;left;peri;20;redish;presented;not attended;not attended + irrelevant;{'P6','P8','P10','PO4','PO8','O2','I2','POz','Oz','Iz','O1'}
5.53739637461576;1.47794085361741;-12.2037663627973;18.0492827330803;22;5;[1 2] ;RDK5;left;peri;14;green;presented;irrelevant;irrelevant + not attended;{'P6','P8','P10','PO4','PO8','O2','I2','POz','Oz','Iz','O1'}
2.90038457870483;1.04378332495689;-6.72938917322927;-27.0547888503403;22;6;[1 2] ;RDK1;center;center;26;blue;presented;not attended;not attended;{'POz','O1','Oz','I2','Iz'}
5.62482800483704;4.27920538902283;10.4827887004974;17.7555921559239;22;6;[1 2] ;RDK2;center;center;23;redish;presented;attended;attended;{'POz','O1','Oz','I2','Iz'}
4.6589534889568;2.25169653838331;-13.9408638624557;-4.63376837253407;22;6;[1 2] ;RDK3;left;peri;17;blue;presented;not attended;not attended + irrelevant;{'P6','P8','P10','PO4','PO8','O2','I2','POz','Oz','Iz','O1'}
3.3912014354359;0.359927275031805;-8.47045236521106;-36.4118954341832;22;6;[1 2] ;RDK4;left;peri;20;redish;not presented;attended;attended;{'P6','P8','P10','PO4','PO8','O2','I2','POz','Oz','Iz','O1'}
5.18154234019193;0.679326372254978;-14.8554770970813;-9.84636994886068;22;6;[1 2] ;RDK5;left;peri;14;green;presented;irrelevant;irrelevant + not attended;{'P6','P8','P10','PO4','PO8','O2','I2','POz','Oz','Iz','O1'}
2.96863688468933;0.988502881526947;0;0;23;1;[-1 0] ;RDK1;center;center;26;redish;presented;attended;attended;{'POz','O1','Oz','I2','Iz'}
3.13311466217041;1.26138208270073;0;0;23;1;[-1 0] ;RDK2;center;center;23;blue;presented;not attended;not attended;{'POz','O1','Oz','I2','Iz'}
3.03709924004295;1.01503712033684;0;0;23;1;[-1 0] ;RDK3;right;peri;14;redish;presented;attended;attended + not attended;{'P5','P7','P9','PO3','PO7','O1','I1','POz','Oz','Iz','O2'}
2.72668013789437;1.07605683857744;0;0;23;1;[-1 0] ;RDK4;right;peri;17;blue;presented;not attended;not attended + attended;{'P5','P7','P9','PO3','PO7','O1','I1','POz','Oz','Iz','O2'}
2.5521586634896;0.322865274413065;0;0;23;1;[-1 0] ;RDK5;right;peri;20;green;not presented;irrelevant;irrelevant;{'P5','P7','P9','PO3','PO7','O1','I1','POz','Oz','Iz','O2'}
2.8236091375351;0.971827909946442;0;0;23;2;[-1 0] ;RDK1;center;center;26;redish;presented;not attended;not attended;{'POz','O1','Oz','I2','Iz'}
3.08031755447388;1.23419475078583;0;0;23;2;[-1 0] ;RDK2;center;center;23;blue;presented;attended;attended;{'POz','O1','Oz','I2','Iz'}
3.06332734281367;1.03824559233405;0;0;23;2;[-1 0] ;RDK3;right;peri;14;redish;presented;not attended;not attended + attended;{'P5','P7','P9','PO3','PO7','O1','I1','POz','Oz','Iz','O2'}
2.89263170415705;1.23845813924616;0;0;23;2;[-1 0] ;RDK4;right;peri;17;blue;presented;attended;attended + not attended;{'P5','P7','P9','PO3','PO7','O1','I1','POz','Oz','Iz','O2'}
2.61702395785939;0.331665408052504;0;0;23;2;[-1 0] ;RDK5;right;peri;20;green;not presented;irrelevant;irrelevant;{'P5','P7','P9','PO3','PO7','O1','I1','POz','Oz','Iz','O2'}
2.68096311092377;0.657902285158634;0;0;23;3;[-1 0] ;RDK1;center;center;26;redish;presented;attended;attended;{'POz','O1','Oz','I2','Iz'}
3.07302940368652;1.30237058877945;0;0;23;3;[-1 0] ;RDK2;center;center;23;blue;presented;not attended;not attended;{'POz','O1','Oz','I2','Iz'}
3.06718841032548;1.11683752536774;0;0;23;3;[-1 0] ;RDK3;right;peri;14;redish;presented;attended;attended + irrelevant;{'P5','P7','P9','PO3','PO7','O1','I1','POz','Oz','Iz','O2'}
2.43151405941356;0.244506469301202;0;0;23;3;[-1 0] ;RDK4;right;peri;17;blue;not presented;not attended;not attended;{'P5','P7','P9','PO3','PO7','O1','I1','POz','Oz','Iz','O2'}
2.43800038207661;0.40706683316014;0;0;23;3;[-1 0] ;RDK5;right;peri;20;green;presented;irrelevant;irrelevant + attended;{'P5','P7','P9','PO3','PO7','O1','I1','POz','Oz','Iz','O2'}
2.76769561290741;0.987958810329437;0;0;23;4;[-1 0] ;RDK1;center;center;26;redish;presented;not attended;not attended;{'POz','O1','Oz','I2','Iz'}
3.00087547302246;1.44566279888153;0;0;23;4;[-1 0] ;RDK2;center;center;23;blue;presented;attended;attended;{'POz','O1','Oz','I2','Iz'}
2.80708194645968;0.406783856993372;0;0;23;4;[-1 0] ;RDK3;right;peri;14;redish;not presented;not attended;not attended;{'P5','P7','P9','PO3','PO7','O1','I1','POz','Oz','Iz','O2'}
2.71518246694045;1.06415728547356;0;0;23;4;[-1 0] ;RDK4;right;peri;17;blue;presented;attended;attended + irrelevant;{'P5','P7','P9','PO3','PO7','O1','I1','POz','Oz','Iz','O2'}
2.44098372676156;0.410344722867012;0;0;23;4;[-1 0] ;RDK5;right;peri;20;green;presented;irrelevant;irrelevant + attended;{'P5','P7','P9','PO3','PO7','O1','I1','POz','Oz','Iz','O2'}
2.76307278156281;0.873035553693771;0;0;23;5;[-1 0] ;RDK1;center;center;26;redish;presented;attended;attended;{'POz','O1','Oz','I2','Iz'}
3.02831833839417;1.17868761658669;0;0;23;5;[-1 0] ;RDK2;center;center;23;blue;presented;not attended;not attended;{'POz','O1','Oz','I2','Iz'}
2.77908214655789;0.363458960537206;0;0;23;5;[-1 0] ;RDK3;right;peri;14;redish;not presented;attended;attended;{'P5','P7','P9','PO3','PO7','O1','I1','POz','Oz','Iz','O2'}
2.80272034731778;1.23827857646075;0;0;23;5;[-1 0] ;RDK4;right;peri;17;blue;presented;not attended;not attended + irrelevant;{'P5','P7','P9','PO3','PO7','O1','I1','POz','Oz','Iz','O2'}
2.43026806657965;0.322658310356465;0;0;23;5;[-1 0] ;RDK5;right;peri;20;green;presented;irrelevant;irrelevant + not attended;{'P5','P7','P9','PO3','PO7','O1','I1','POz','Oz','Iz','O2'}
2.89649147510529;0.843211383223534;0;0;23;6;[-1 0] ;RDK1;center;center;26;redish;presented;not attended;not attended;{'POz','O1','Oz','I2','Iz'}
3.12777064323425;1.12197368502617;0;0;23;6;[-1 0] ;RDK2;center;center;23;blue;presented;attended;attended;{'POz','O1','Oz','I2','Iz'}
3.11069122661244;1.23032427274368;0;0;23;6;[-1 0] ;RDK3;right;peri;14;redish;presented;not attended;not attended + irrelevant;{'P5','P7','P9','PO3','PO7','O1','I1','POz','Oz','Iz','O2'}
2.37820431102406;0.262253589454022;0;0;23;6;[-1 0] ;RDK4;right;peri;17;blue;not presented;attended;attended;{'P5','P7','P9','PO3','PO7','O1','I1','POz','Oz','Iz','O2'}
2.52166588739915;0.46928364851258;0;0;23;6;[-1 0] ;RDK5;right;peri;20;green;presented;irrelevant;irrelevant + not attended;{'P5','P7','P9','PO3','PO7','O1','I1','POz','Oz','Iz','O2'}
2.89424652099609;1.14861142158508;-2.50587615066376;16.197073680839;23;1;[0.5 1.5] ;RDK1;center;center;26;redish;presented;attended;attended;{'POz','O1','Oz','I2','Iz'}
2.80512495994568;0.69328815639019;-10.4684870357576;-45.0374184080846;23;1;[0.5 1.5] ;RDK2;center;center;23;blue;presented;not attended;not attended;{'POz','O1','Oz','I2','Iz'}
2.95806261409413;1.20575306984511;-2.60237218813111;18.7890615709688;23;1;[0.5 1.5] ;RDK3;right;peri;14;redish;presented;attended;attended + not attended;{'P5','P7','P9','PO3','PO7','O1','I1','POz','Oz','Iz','O2'}
2.47872998064215;0.806561203978278;-9.09348162280963;-25.0447397328417;23;1;[0.5 1.5] ;RDK4;right;peri;17;blue;presented;not attended;not attended + attended;{'P5','P7','P9','PO3','PO7','O1','I1','POz','Oz','Iz','O2'}
2.29239071715962;0.292489327625795;-10.1783619508514;-9.40824213520356;23;1;[0.5 1.5] ;RDK5;right;peri;20;green;not presented;irrelevant;irrelevant;{'P5','P7','P9','PO3','PO7','O1','I1','POz','Oz','Iz','O2'}
2.80494455337524;0.608084197044373;-0.661018690998583;-37.4288193598098;23;2;[0.5 1.5] ;RDK1;center;center;26;redish;presented;not attended;not attended;{'POz','O1','Oz','I2','Iz'}
3.47290427207947;1.77544540405273;12.7450079630717;43.854558036508;23;2;[0.5 1.5] ;RDK2;center;center;23;blue;presented;attended;attended;{'POz','O1','Oz','I2','Iz'}
2.86254854202271;0.795247701216828;-6.55427182021444;-23.4046638783169;23;2;[0.5 1.5] ;RDK3;right;peri;14;redish;presented;not attended;not attended + attended;{'P5','P7','P9','PO3','PO7','O1','I1','POz','Oz','Iz','O2'}
2.73436611782421;1.36545772119002;-5.47133553522887;10.2546527750355;23;2;[0.5 1.5] ;RDK4;right;peri;17;blue;presented;attended;attended + not attended;{'P5','P7','P9','PO3','PO7','O1','I1','POz','Oz','Iz','O2'}
2.21636590090665;0.215275955471126;-15.3096824256992;-35.0924304300536;23;2;[0.5 1.5] ;RDK5;right;peri;20;green;not presented;irrelevant;irrelevant;{'P5','P7','P9','PO3','PO7','O1','I1','POz','Oz','Iz','O2'}
2.7638826084137;0.993164057731628;3.09289960581958;50.9592047536597;23;3;[0.5 1.5] ;RDK1;center;center;26;redish;presented;attended;attended;{'POz','O1','Oz','I2','Iz'}
2.50609121799469;0.94358012676239;-18.4488370014199;-27.5490298313101;23;3;[0.5 1.5] ;RDK2;center;center;23;blue;presented;not attended;not attended;{'POz','O1','Oz','I2','Iz'}
2.90694558620453;1.13905669884248;-5.22442063166085;1.98947232431408;23;3;[0.5 1.5] ;RDK3;right;peri;14;redish;presented;attended;attended + irrelevant;{'P5','P7','P9','PO3','PO7','O1','I1','POz','Oz','Iz','O2'}
2.2970121903853;0.254016643559391;-5.53160976008109;3.88953890887582;23;3;[0.5 1.5] ;RDK4;right;peri;17;blue;not presented;not attended;not attended;{'P5','P7','P9','PO3','PO7','O1','I1','POz','Oz','Iz','O2'}
2.3822819926522;0.363972266424786;-2.28541348205006;-10.586607216511;23;3;[0.5 1.5] ;RDK5;right;peri;20;green;presented;irrelevant;irrelevant + attended;{'P5','P7','P9','PO3','PO7','O1','I1','POz','Oz','Iz','O2'}
2.67122654438019;0.540901489257812;-3.48553750193226;-45.2506032030376;23;4;[0.5 1.5] ;RDK1;center;center;26;redish;presented;not attended;not attended;{'POz','O1','Oz','I2','Iz'}
3.45606826782227;2.02033984661102;15.1686665738695;39.7518043747203;23;4;[0.5 1.5] ;RDK2;center;center;23;blue;presented;attended;attended;{'POz','O1','Oz','I2','Iz'}
2.71883801113475;0.276292517374862;-3.14361807058121;-32.0787900933433;23;4;[0.5 1.5] ;RDK3;right;peri;14;redish;not presented;not attended;not attended;{'P5','P7','P9','PO3','PO7','O1','I1','POz','Oz','Iz','O2'}
2.66466785344211;1.25897588784044;-1.8604500475897;18.3073127465536;23;4;[0.5 1.5] ;RDK4;right;peri;17;blue;presented;attended;attended + irrelevant;{'P5','P7','P9','PO3','PO7','O1','I1','POz','Oz','Iz','O2'}
2.43837153911591;0.300459841435606;-0.107013726351934;-26.7786754179896;23;4;[0.5 1.5] ;RDK5;right;peri;20;green;presented;irrelevant;irrelevant + attended;{'P5','P7','P9','PO3','PO7','O1','I1','POz','Oz','Iz','O2'}
2.77836915969849;0.884465647339821;0.553600261192888;1.30923575766064;23;5;[0.5 1.5] ;RDK1;center;center;26;redish;presented;attended;attended;{'POz','O1','Oz','I2','Iz'}
2.79861613273621;1.13516661882401;-7.58514066192143;-3.69232671576807;23;5;[0.5 1.5] ;RDK2;center;center;23;blue;presented;not attended;not attended;{'POz','O1','Oz','I2','Iz'}
2.59495138471777;0.348964250020005;-6.62559622673214;-3.9879909676121;23;5;[0.5 1.5] ;RDK3;right;peri;14;redish;not presented;attended;attended;{'P5','P7','P9','PO3','PO7','O1','I1','POz','Oz','Iz','O2'}
2.50864092436704;1.00761686292562;-10.4926423798286;-18.6276107751466;23;5;[0.5 1.5] ;RDK4;right;peri;17;blue;presented;not attended;not attended + irrelevant;{'P5','P7','P9','PO3','PO7','O1','I1','POz','Oz','Iz','O2'}
2.34234598333185;0.382626999508251;-3.61779362766071;18.585818876177;23;5;[0.5 1.5] ;RDK5;right;peri;20;green;presented;irrelevant;irrelevant + not attended;{'P5','P7','P9','PO3','PO7','O1','I1','POz','Oz','Iz','O2'}
2.92392387866974;0.751628670692444;0.94709077517503;-10.8611807612198;23;6;[0.5 1.5] ;RDK1;center;center;26;redish;presented;not attended;not attended;{'POz','O1','Oz','I2','Iz'}
3.26351266860962;1.62150491952896;4.33989703397826;44.522544616645;23;6;[0.5 1.5] ;RDK2;center;center;23;blue;presented;attended;attended;{'POz','O1','Oz','I2','Iz'}
2.93820475665006;1.11385640881278;-5.54495632632169;-9.46643632992533;23;6;[0.5 1.5] ;RDK3;right;peri;14;redish;presented;not attended;not attended + irrelevant;{'P5','P7','P9','PO3','PO7','O1','I1','POz','Oz','Iz','O2'}
2.45513353131034;0.215292543477633;3.2347607785286;-17.9067314480447;23;6;[0.5 1.5] ;RDK4;right;peri;17;blue;not presented;attended;attended;{'P5','P7','P9','PO3','PO7','O1','I1','POz','Oz','Iz','O2'}
2.43642755638469;0.308001653714613;-3.38023889050483;-34.3676996437354;23;6;[0.5 1.5] ;RDK5;right;peri;20;green;presented;irrelevant;irrelevant + not attended;{'P5','P7','P9','PO3','PO7','O1','I1','POz','Oz','Iz','O2'}
2.64300306797028;0.691697144508362;-10.9691359828648;-30.0257836942374;23;1;[1 2] ;RDK1;center;center;26;redish;presented;attended;attended;{'POz','O1','Oz','I2','Iz'}
2.82577092170715;0.975381894111633;-9.80952737460141;-22.6735572441892;23;1;[1 2] ;RDK2;center;center;23;blue;presented;not attended;not attended;{'POz','O1','Oz','I2','Iz'}
2.97463400147178;1.22828417772597;-2.05674012055936;21.0087939757675;23;1;[1 2] ;RDK3;right;peri;14;redish;presented;attended;attended + not attended;{'P5','P7','P9','PO3','PO7','O1','I1','POz','Oz','Iz','O2'}
2.4107259533622;0.879121642762964;-11.5875045312853;-18.3015607311998;23;1;[1 2] ;RDK4;right;peri;17;blue;presented;not attended;not attended + attended;{'P5','P7','P9','PO3','PO7','O1','I1','POz','Oz','Iz','O2'}
2.2365478775718;0.236953285505826;-12.3664249575402;-26.6092378820914;23;1;[1 2] ;RDK5;right;peri;20;green;not presented;irrelevant;irrelevant;{'P5','P7','P9','PO3','PO7','O1','I1','POz','Oz','Iz','O2'}
2.56207167625427;0.571315702199936;-9.26252354846588;-41.2122561666889;23;2;[1 2] ;RDK1;center;center;26;redish;presented;not attended;not attended;{'POz','O1','Oz','I2','Iz'}
3.3456470489502;1.55643910586834;8.61370588532184;26.1096844624671;23;2;[1 2] ;RDK2;center;center;23;blue;presented;attended;attended;{'POz','O1','Oz','I2','Iz'}
2.92180058739402;0.90410307970914;-4.62003369478797;-12.9201138550804;23;2;[1 2] ;RDK3;right;peri;14;redish;presented;not attended;not attended + attended;{'P5','P7','P9','PO3','PO7','O1','I1','POz','Oz','Iz','O2'}
2.58794993487271;1.15729475346479;-10.5330301415998;-6.55358329921255;23;2;[1 2] ;RDK4;right;peri;17;blue;presented;attended;attended + not attended;{'P5','P7','P9','PO3','PO7','O1','I1','POz','Oz','Iz','O2'}
2.30053211342205;0.240687362951311;-12.0935784132529;-27.4306704565315;23;2;[1 2] ;RDK5;right;peri;20;green;not presented;irrelevant;irrelevant;{'P5','P7','P9','PO3','PO7','O1','I1','POz','Oz','Iz','O2'}
2.85914483547211;1.19700224399567;6.64618337426299;81.9422535836069;23;3;[1 2] ;RDK1;center;center;26;redish;presented;attended;attended;{'POz','O1','Oz','I2','Iz'}
2.65689890384674;0.840246325731277;-13.5413770965086;-35.4833153504537;23;3;[1 2] ;RDK2;center;center;23;blue;presented;not attended;not attended;{'POz','O1','Oz','I2','Iz'}
2.76088176207109;0.93839506723664;-9.98656121753831;-15.9774769452111;23;3;[1 2] ;RDK3;right;peri;14;redish;presented;attended;attended + irrelevant;{'P5','P7','P9','PO3','PO7','O1','I1','POz','Oz','Iz','O2'}
2.33016366958618;0.155630801160904;-4.16820085555355;-36.3490047499781;23;3;[1 2] ;RDK4;right;peri;17;blue;not presented;not attended;not attended;{'P5','P7','P9','PO3','PO7','O1','I1','POz','Oz','Iz','O2'}
2.26683361530304;0.242463121156801;-7.02078506762891;-40.436532430188;23;3;[1 2] ;RDK5;right;peri;20;green;presented;irrelevant;irrelevant + attended;{'P5','P7','P9','PO3','PO7','O1','I1','POz','Oz','Iz','O2'}
2.65030479431152;0.688261120319366;-4.24146420034136;-30.3350389587736;23;4;[1 2] ;RDK1;center;center;26;redish;presented;not attended;not attended;{'POz','O1','Oz','I2','Iz'}
3.56523297309875;1.87228687763214;18.8064284956109;29.5106216387859;23;4;[1 2] ;RDK2;center;center;23;blue;presented;attended;attended;{'POz','O1','Oz','I2','Iz'}
2.86590873978355;0.319590445811098;2.09565643062384;-21.4348258130839;23;4;[1 2] ;RDK3;right;peri;14;redish;not presented;not attended;not attended;{'P5','P7','P9','PO3','PO7','O1','I1','POz','Oz','Iz','O2'}
2.64686950336803;1.10150455480272;-2.51596216475987;3.50956290380868;23;4;[1 2] ;RDK4;right;peri;17;blue;presented;attended;attended + irrelevant;{'P5','P7','P9','PO3','PO7','O1','I1','POz','Oz','Iz','O2'}
2.42201335646889;0.555240868929435;-0.777160866935867;35.3108345222663;23;4;[1 2] ;RDK5;right;peri;20;green;presented;irrelevant;irrelevant + attended;{'P5','P7','P9','PO3','PO7','O1','I1','POz','Oz','Iz','O2'}
2.82551163196564;0.970400850772858;2.2597613359832;11.1525007964611;23;5;[1 2] ;RDK1;center;center;26;redish;presented;attended;attended;{'POz','O1','Oz','I2','Iz'}
2.82653732776642;1.11008603334427;-6.66313736140256;-5.82016662235554;23;5;[1 2] ;RDK2;center;center;23;blue;presented;not attended;not attended;{'POz','O1','Oz','I2','Iz'}
2.63448448181152;0.529286523027854;-5.20307270965222;45.6248381510661;23;5;[1 2] ;RDK3;right;peri;14;redish;not presented;attended;attended;{'P5','P7','P9','PO3','PO7','O1','I1','POz','Oz','Iz','O2'}
2.601592001048;1.03161993568594;-7.17618318439305;-16.6891880957422;23;5;[1 2] ;RDK4;right;peri;17;blue;presented;not attended;not attended + irrelevant;{'P5','P7','P9','PO3','PO7','O1','I1','POz','Oz','Iz','O2'}
2.36496336893602;0.335938549041748;-2.68713968395825;4.11588304377193;23;5;[1 2] ;RDK5;right;peri;20;green;presented;irrelevant;irrelevant + not attended;{'P5','P7','P9','PO3','PO7','O1','I1','POz','Oz','Iz','O2'}
2.98334290027618;0.907597873210907;2.99850442914704;7.63586584199429;23;6;[1 2] ;RDK1;center;center;26;redish;presented;not attended;not attended;{'POz','O1','Oz','I2','Iz'}
3.26398426055908;1.55767034292221;4.35497460849554;38.8330549736449;23;6;[1 2] ;RDK2;center;center;23;blue;presented;attended;attended;{'POz','O1','Oz','I2','Iz'}
2.98383906537836;1.22809434695677;-4.07794126748536;-0.181246996121931;23;6;[1 2] ;RDK3;right;peri;14;redish;presented;not attended;not attended + irrelevant;{'P5','P7','P9','PO3','PO7','O1','I1','POz','Oz','Iz','O2'}
2.328868282925;0.230585719915954;-2.07450755472797;-12.0752854532886;23;6;[1 2] ;RDK4;right;peri;17;blue;not presented;attended;attended;{'P5','P7','P9','PO3','PO7','O1','I1','POz','Oz','Iz','O2'}
2.40619676329873;0.303757886724039;-4.57908102248709;-35.2720070927646;23;6;[1 2] ;RDK5;right;peri;20;green;presented;irrelevant;irrelevant + not attended;{'P5','P7','P9','PO3','PO7','O1','I1','POz','Oz','Iz','O2'}
2.49662718296051;1.6534020614624;0;0;24;1;[-1 0] ;RDK1;center;center;26;redish;presented;attended;attended;{'POz','O1','Oz','I2','Iz'}
3.72244010925293;2.85771427631378;0;0;24;1;[-1 0] ;RDK2;center;center;23;blue;presented;not attended;not attended;{'POz','O1','Oz','I2','Iz'}
3.58763170675798;1.35515905158086;0;0;24;1;[-1 0] ;RDK3;left;peri;17;redish;presented;attended;attended + not attended;{'P6','P8','P10','PO4','PO8','O2','I2','POz','Oz','Iz','O1'}
2.80392168218439;0.818926234678789;0;0;24;1;[-1 0] ;RDK4;left;peri;20;blue;presented;not attended;not attended + attended;{'P6','P8','P10','PO4','PO8','O2','I2','POz','Oz','Iz','O1'}
3.59600325931202;0.418394908715378;0;0;24;1;[-1 0] ;RDK5;left;peri;14;green;not presented;irrelevant;irrelevant;{'P6','P8','P10','PO4','PO8','O2','I2','POz','Oz','Iz','O1'}
2.61093725204468;1.66989241838455;0;0;24;2;[-1 0] ;RDK1;center;center;26;redish;presented;not attended;not attended;{'POz','O1','Oz','I2','Iz'}
3.72906863212585;2.91044508457184;0;0;24;2;[-1 0] ;RDK2;center;center;23;blue;presented;attended;attended;{'POz','O1','Oz','I2','Iz'}
3.4861056284471;1.44414869668809;0;0;24;2;[-1 0] ;RDK3;left;peri;17;redish;presented;not attended;not attended + attended;{'P6','P8','P10','PO4','PO8','O2','I2','POz','Oz','Iz','O1'}
2.71991581916809;0.651058161800558;0;0;24;2;[-1 0] ;RDK4;left;peri;20;blue;presented;attended;attended + not attended;{'P6','P8','P10','PO4','PO8','O2','I2','POz','Oz','Iz','O1'}
3.47524819374084;0.640147513151169;0;0;24;2;[-1 0] ;RDK5;left;peri;14;green;not presented;irrelevant;irrelevant;{'P6','P8','P10','PO4','PO8','O2','I2','POz','Oz','Iz','O1'}
2.83290822982788;2.03298815727234;0;0;24;3;[-1 0] ;RDK1;center;center;26;redish;presented;attended;attended;{'POz','O1','Oz','I2','Iz'}
3.78796760559082;3.05600227832794;0;0;24;3;[-1 0] ;RDK2;center;center;23;blue;presented;not attended;not attended;{'POz','O1','Oz','I2','Iz'}
3.55596251054244;1.56286225264723;0;0;24;3;[-1 0] ;RDK3;left;peri;17;redish;presented;attended;attended + irrelevant;{'P6','P8','P10','PO4','PO8','O2','I2','POz','Oz','Iz','O1'}
2.67290571386164;0.330226755955003;0;0;24;3;[-1 0] ;RDK4;left;peri;20;blue;not presented;not attended;not attended;{'P6','P8','P10','PO4','PO8','O2','I2','POz','Oz','Iz','O1'}
4.04136286648837;1.17976831956343;0;0;24;3;[-1 0] ;RDK5;left;peri;14;green;presented;irrelevant;irrelevant + attended;{'P6','P8','P10','PO4','PO8','O2','I2','POz','Oz','Iz','O1'}
2.66033613204956;1.75429244041443;0;0;24;4;[-1 0] ;RDK1;center;center;26;redish;presented;not attended;not attended;{'POz','O1','Oz','I2','Iz'}
3.74053537368774;2.69356945991516;0;0;24;4;[-1 0] ;RDK2;center;center;23;blue;presented;attended;attended;{'POz','O1','Oz','I2','Iz'}
3.22648051868785;0.222928974438797;0;0;24;4;[-1 0] ;RDK3;left;peri;17;redish;not presented;not attended;not attended;{'P6','P8','P10','PO4','PO8','O2','I2','POz','Oz','Iz','O1'}
2.81302461190657;0.875532712719657;0;0;24;4;[-1 0] ;RDK4;left;peri;20;blue;presented;attended;attended + irrelevant;{'P6','P8','P10','PO4','PO8','O2','I2','POz','Oz','Iz','O1'}
3.85752108313821;0.732143277607181;0;0;24;4;[-1 0] ;RDK5;left;peri;14;green;presented;irrelevant;irrelevant + attended;{'P6','P8','P10','PO4','PO8','O2','I2','POz','Oz','Iz','O1'}
2.73473961830139;1.80546235084534;0;0;24;5;[-1 0] ;RDK1;center;center;26;redish;presented;attended;attended;{'POz','O1','Oz','I2','Iz'}
3.71375720024109;2.79988460063934;0;0;24;5;[-1 0] ;RDK2;center;center;23;blue;presented;not attended;not attended;{'POz','O1','Oz','I2','Iz'}
3.17545072815635;0.359447400271893;0;0;24;5;[-1 0] ;RDK3;left;peri;17;redish;not presented;attended;attended;{'P6','P8','P10','PO4','PO8','O2','I2','POz','Oz','Iz','O1'}
2.86047750386325;0.809778997572986;0;0;24;5;[-1 0] ;RDK4;left;peri;20;blue;presented;not attended;not attended + irrelevant;{'P6','P8','P10','PO4','PO8','O2','I2','POz','Oz','Iz','O1'}
3.53919838558544;0.753122418847951;0;0;24;5;[-1 0] ;RDK5;left;peri;14;green;presented;irrelevant;irrelevant + not attended;{'P6','P8','P10','PO4','PO8','O2','I2','POz','Oz','Iz','O1'}
2.84568969726562;1.984959897995;0;0;24;6;[-1 0] ;RDK1;center;center;26;redish;presented;not attended;not attended;{'POz','O1','Oz','I2','Iz'}
3.53219913482666;2.76265056610107;0;0;24;6;[-1 0] ;RDK2;center;center;23;blue;presented;attended;attended;{'POz','O1','Oz','I2','Iz'}
3.57813557278026;1.69839303601872;0;0;24;6;[-1 0] ;RDK3;left;peri;17;redish;presented;not attended;not attended + irrelevant;{'P6','P8','P10','PO4','PO8','O2','I2','POz','Oz','Iz','O1'}
2.99266956502741;0.282072948461229;0;0;24;6;[-1 0] ;RDK4;left;peri;20;blue;not presented;attended;attended;{'P6','P8','P10','PO4','PO8','O2','I2','POz','Oz','Iz','O1'}
3.90603433522311;0.828681666742672;0;0;24;6;[-1 0] ;RDK5;left;peri;14;green;presented;irrelevant;irrelevant + not attended;{'P6','P8','P10','PO4','PO8','O2','I2','POz','Oz','Iz','O1'}
4.01401962280273;3.48458090305328;60.7776944110211;110.75218086829;24;1;[0.5 1.5] ;RDK1;center;center;26;redish;presented;attended;attended;{'POz','O1','Oz','I2','Iz'}
3.46323455810547;2.56748930454254;-6.9633236140764;-10.1558428768326;24;1;[0.5 1.5] ;RDK2;center;center;23;blue;presented;not attended;not attended;{'POz','O1','Oz','I2','Iz'}
2.93954624262723;0.918196917122061;-18.0644368514738;-32.2443431233451;24;1;[0.5 1.5] ;RDK3;left;peri;17;redish;presented;attended;attended + not attended;{'P6','P8','P10','PO4','PO8','O2','I2','POz','Oz','Iz','O1'}
2.60062090266835;0.486302644285289;-7.25058694783749;-40.6170392775323;24;1;[0.5 1.5] ;RDK4;left;peri;20;blue;presented;not attended;not attended + attended;{'P6','P8','P10','PO4','PO8','O2','I2','POz','Oz','Iz','O1'}
3.51238413724032;0.462948635897853;-2.32533499115064;10.6487259415443;24;1;[0.5 1.5] ;RDK5;left;peri;14;green;not presented;irrelevant;irrelevant;{'P6','P8','P10','PO4','PO8','O2','I2','POz','Oz','Iz','O1'}
3.24942175388336;2.50345268011093;24.4542262108626;49.9170037871519;24;2;[0.5 1.5] ;RDK1;center;center;26;redish;presented;not attended;not attended;{'POz','O1','Oz','I2','Iz'}
4.72450952529907;4.11613602638245;26.694088829514;41.4263422526654;24;2;[0.5 1.5] ;RDK2;center;center;23;blue;presented;attended;attended;{'POz','O1','Oz','I2','Iz'}
2.94241785569624;0.66245626414364;-15.5958490848438;-54.1282510822555;24;2;[0.5 1.5] ;RDK3;left;peri;17;redish;presented;not attended;not attended + attended;{'P6','P8','P10','PO4','PO8','O2','I2','POz','Oz','Iz','O1'}
2.67142798250372;0.569710753993555;-1.78269622620909;-12.4946452682553;24;2;[0.5 1.5] ;RDK4;left;peri;20;blue;presented;attended;attended + not attended;{'P6','P8','P10','PO4','PO8','O2','I2','POz','Oz','Iz','O1'}
3.4534327507019;0.276740879768675;-0.627737698798936;-56.7692017725103;24;2;[0.5 1.5] ;RDK5;left;peri;14;green;not presented;irrelevant;irrelevant;{'P6','P8','P10','PO4','PO8','O2','I2','POz','Oz','Iz','O1'}
3.96292067527771;3.31342319488525;39.8887769660821;62.9829068621273;24;3;[0.5 1.5] ;RDK1;center;center;26;redish;presented;attended;attended;{'POz','O1','Oz','I2','Iz'}
3.97536620140076;3.19768259525299;4.94720692788784;4.63613256867621;24;3;[0.5 1.5] ;RDK2;center;center;23;blue;presented;not attended;not attended;{'POz','O1','Oz','I2','Iz'}
3.04329778931358;1.28573983474211;-14.4170451659418;-17.7317237930416;24;3;[0.5 1.5] ;RDK3;left;peri;17;redish;presented;attended;attended + irrelevant;{'P6','P8','P10','PO4','PO8','O2','I2','POz','Oz','Iz','O1'}
2.49895953698592;0.412091026827693;-6.50775580947878;24.7903204075461;24;3;[0.5 1.5] ;RDK4;left;peri;20;blue;not presented;not attended;not attended;{'P6','P8','P10','PO4','PO8','O2','I2','POz','Oz','Iz','O1'}
3.45206251577898;0.665624039823359;-14.5817232992357;-43.5801056202569;24;3;[0.5 1.5] ;RDK5;left;peri;14;green;presented;irrelevant;irrelevant + attended;{'P6','P8','P10','PO4','PO8','O2','I2','POz','Oz','Iz','O1'}
3.08806933403015;2.38602621555328;16.0781638390582;36.010744878409;24;4;[0.5 1.5] ;RDK1;center;center;26;redish;presented;not attended;not attended;{'POz','O1','Oz','I2','Iz'}
4.72514032363892;4.10828658103943;26.3225675361135;52.5220211387764;24;4;[0.5 1.5] ;RDK2;center;center;23;blue;presented;attended;attended;{'POz','O1','Oz','I2','Iz'}
2.71468512795188;0.470557871257717;-15.8623425051427;111.079727272914;24;4;[0.5 1.5] ;RDK3;left;peri;17;redish;not presented;not attended;not attended;{'P6','P8','P10','PO4','PO8','O2','I2','POz','Oz','Iz','O1'}
2.64299628517844;0.503105140274221;-6.04432417720255;-42.5372538381311;24;4;[0.5 1.5] ;RDK4;left;peri;20;blue;presented;attended;attended + irrelevant;{'P6','P8','P10','PO4','PO8','O2','I2','POz','Oz','Iz','O1'}
3.29395048835061;0.452242129092867;-14.6096568921178;-38.230378817258;24;4;[0.5 1.5] ;RDK5;left;peri;14;green;presented;irrelevant;irrelevant + attended;{'P6','P8','P10','PO4','PO8','O2','I2','POz','Oz','Iz','O1'}
4.02235383033752;3.4827996635437;47.08361276588;92.903477711015;24;5;[0.5 1.5] ;RDK1;center;center;26;redish;presented;attended;attended;{'POz','O1','Oz','I2','Iz'}
3.82487027168274;2.97783619880676;2.99193149822603;6.35567616346706;24;5;[0.5 1.5] ;RDK2;center;center;23;blue;presented;not attended;not attended;{'POz','O1','Oz','I2','Iz'}
2.77749540155584;0.347470803220164;-12.5322469365336;-3.33194705057528;24;5;[0.5 1.5] ;RDK3;left;peri;17;redish;not presented;attended;attended;{'P6','P8','P10','PO4','PO8','O2','I2','POz','Oz','Iz','O1'}
2.63843771761114;0.551274522461674;-7.76233289554734;-31.9228426380634;24;5;[0.5 1.5] ;RDK4;left;peri;20;blue;presented;not attended;not attended + irrelevant;{'P6','P8','P10','PO4','PO8','O2','I2','POz','Oz','Iz','O1'}
3.37145803624933;0.605382765016773;-4.73950118250738;-19.6169507285649;24;5;[0.5 1.5] ;RDK5;left;peri;14;green;presented;irrelevant;irrelevant + not attended;{'P6','P8','P10','PO4','PO8','O2','I2','POz','Oz','Iz','O1'}
3.21970491409302;2.33785256385803;13.1432185732259;17.7783272205899;24;6;[0.5 1.5] ;RDK1;center;center;26;redish;presented;not attended;not attended;{'POz','O1','Oz','I2','Iz'}
4.90844835281372;4.29143918037415;38.9629566582915;55.3377482129652;24;6;[0.5 1.5] ;RDK2;center;center;23;blue;presented;attended;attended;{'POz','O1','Oz','I2','Iz'}
3.01456910046664;0.955239800431512;-15.7502828177;-43.756257817052;24;6;[0.5 1.5] ;RDK3;left;peri;17;redish;presented;not attended;not attended + irrelevant;{'P6','P8','P10','PO4','PO8','O2','I2','POz','Oz','Iz','O1'}
2.69468488693237;0.350782038000497;-9.95715268993649;24.3586242190509;24;6;[0.5 1.5] ;RDK4;left;peri;20;blue;not presented;attended;attended;{'P6','P8','P10','PO4','PO8','O2','I2','POz','Oz','Iz','O1'}
3.69424809109081;0.740677912939679;-5.42202720090029;-10.619729787062;24;6;[0.5 1.5] ;RDK5;left;peri;14;green;presented;irrelevant;irrelevant + not attended;{'P6','P8','P10','PO4','PO8','O2','I2','POz','Oz','Iz','O1'}
4.15496535301209;3.61752586364746;66.4231400414823;118.79287246369;24;1;[1 2] ;RDK1;center;center;26;redish;presented;attended;attended;{'POz','O1','Oz','I2','Iz'}
3.68335520744324;2.7326575422287;-1.04998067564709;-4.37611048527902;24;1;[1 2] ;RDK2;center;center;23;blue;presented;not attended;not attended;{'POz','O1','Oz','I2','Iz'}
2.90944509939714;0.727266136082736;-18.9034623058813;-46.3335218670943;24;1;[1 2] ;RDK3;left;peri;17;redish;presented;attended;attended + not attended;{'P6','P8','P10','PO4','PO8','O2','I2','POz','Oz','Iz','O1'}
2.66567497686906;0.502665042877197;-4.93047670317343;-38.6190084538737;24;1;[1 2] ;RDK4;left;peri;20;blue;presented;not attended;not attended + attended;{'P6','P8','P10','PO4','PO8','O2','I2','POz','Oz','Iz','O1'}
3.62820308858698;0.534858213906938;0.895433817852487;27.8357367084471;24;1;[1 2] ;RDK5;left;peri;14;green;not presented;irrelevant;irrelevant;{'P6','P8','P10','PO4','PO8','O2','I2','POz','Oz','Iz','O1'}
3.32774788856506;2.52095704078674;27.4541502657345;50.9652366243754;24;2;[1 2] ;RDK1;center;center;26;redish;presented;not attended;not attended;{'POz','O1','Oz','I2','Iz'}
4.95290503501892;4.37366212844849;32.8188221678126;50.2746831277837;24;2;[1 2] ;RDK2;center;center;23;blue;presented;attended;attended;{'POz','O1','Oz','I2','Iz'}
2.97143966067921;0.75403805158355;-14.7633497840153;-47.7866750624219;24;2;[1 2] ;RDK3;left;peri;17;redish;presented;not attended;not attended + attended;{'P6','P8','P10','PO4','PO8','O2','I2','POz','Oz','Iz','O1'}
2.59166589216753;0.798909230936657;-4.71521677607626;22.7093488433053;24;2;[1 2] ;RDK4;left;peri;20;blue;presented;attended;attended + not attended;{'P6','P8','P10','PO4','PO8','O2','I2','POz','Oz','Iz','O1'}
3.30536804199219;0.4908982608806;-4.88828832584167;-23.3148218503387;24;2;[1 2] ;RDK5;left;peri;14;green;not presented;irrelevant;irrelevant;{'P6','P8','P10','PO4','PO8','O2','I2','POz','Oz','Iz','O1'}
3.9547518825531;3.31047563076019;39.6004233710521;62.8379200792719;24;3;[1 2] ;RDK1;center;center;26;redish;presented;attended;attended;{'POz','O1','Oz','I2','Iz'}
4.2350252532959;3.49840971469879;11.8020451665227;14.4766723345805;24;3;[1 2] ;RDK2;center;center;23;blue;presented;not attended;not attended;{'POz','O1','Oz','I2','Iz'}
3.18028194687583;1.43083347623998;-10.5648066466622;-8.44788311852867;24;3;[1 2] ;RDK3;left;peri;17;redish;presented;attended;attended + irrelevant;{'P6','P8','P10','PO4','PO8','O2','I2','POz','Oz','Iz','O1'}
2.66234436468645;0.251913406428966;-0.395126140081259;-23.7150225152283;24;3;[1 2] ;RDK4;left;peri;20;blue;not presented;not attended;not attended;{'P6','P8','P10','PO4','PO8','O2','I2','POz','Oz','Iz','O1'}
3.50334884470159;0.598905864899809;-13.3126878125218;-49.2352985778232;24;3;[1 2] ;RDK5;left;peri;14;green;presented;irrelevant;irrelevant + attended;{'P6','P8','P10','PO4','PO8','O2','I2','POz','Oz','Iz','O1'}
3.13132252693176;2.32730281352997;17.7040182707795;32.6633325159956;24;4;[1 2] ;RDK1;center;center;26;redish;presented;not attended;not attended;{'POz','O1','Oz','I2','Iz'}
4.60854870796204;3.97233798980713;23.2055908461716;47.4748674174619;24;4;[1 2] ;RDK2;center;center;23;blue;presented;attended;attended;{'POz','O1','Oz','I2','Iz'}
2.97991377223622;0.452766156467524;-7.6419722674139;103.098837917916;24;4;[1 2] ;RDK3;left;peri;17;redish;not presented;not attended;not attended;{'P6','P8','P10','PO4','PO8','O2','I2','POz','Oz','Iz','O1'}
2.60793529857289;0.554821742258289;-7.29070454860621;-36.6303812298626;24;4;[1 2] ;RDK4;left;peri;20;blue;presented;attended;attended + irrelevant;{'P6','P8','P10','PO4','PO8','O2','I2','POz','Oz','Iz','O1'}
3.27412021810358;0.460559531233527;-15.1237246008779;-37.0943440553404;24;4;[1 2] ;RDK5;left;peri;14;green;presented;irrelevant;irrelevant + attended;{'P6','P8','P10','PO4','PO8','O2','I2','POz','Oz','Iz','O1'}
4.01137329101562;3.54683058738709;46.6820922975906;96.4499888755044;24;5;[1 2] ;RDK1;center;center;26;redish;presented;attended;attended;{'POz','O1','Oz','I2','Iz'}
3.78727898597717;2.97977814674377;1.97971439089533;6.4250343054622;24;5;[1 2] ;RDK2;center;center;23;blue;presented;not attended;not attended;{'POz','O1','Oz','I2','Iz'}
2.8164860161868;0.417092240534045;-11.3043703933634;16.0370725225859;24;5;[1 2] ;RDK3;left;peri;17;redish;not presented;attended;attended;{'P6','P8','P10','PO4','PO8','O2','I2','POz','Oz','Iz','O1'}
2.69791526794434;0.4244196863337;-5.68304542508591;-47.5882076954649;24;5;[1 2] ;RDK4;left;peri;20;blue;presented;not attended;not attended + irrelevant;{'P6','P8','P10','PO4','PO8','O2','I2','POz','Oz','Iz','O1'}
3.46113385720686;0.643433519114147;-2.20571213799478;-14.5645511259105;24;5;[1 2] ;RDK5;left;peri;14;green;presented;irrelevant;irrelevant + not attended;{'P6','P8','P10','PO4','PO8','O2','I2','POz','Oz','Iz','O1'}
3.18726226806641;2.37945982694626;12.0031559002724;19.8744533504051;24;6;[1 2] ;RDK1;center;center;26;redish;presented;not attended;not attended;{'POz','O1','Oz','I2','Iz'}
4.69356343269348;4.08377267837524;32.8793551421277;47.8208184735671;24;6;[1 2] ;RDK2;center;center;23;blue;presented;attended;attended;{'POz','O1','Oz','I2','Iz'}
3.0672298041257;1.11925748261538;-14.2785469768431;-34.0990301491646;24;6;[1 2] ;RDK3;left;peri;17;redish;presented;not attended;not attended + irrelevant;{'P6','P8','P10','PO4','PO8','O2','I2','POz','Oz','Iz','O1'}
2.70913514223966;0.283363819850439;-9.47429766724533;0.457637428988589;24;6;[1 2] ;RDK4;left;peri;20;blue;not presented;attended;attended;{'P6','P8','P10','PO4','PO8','O2','I2','POz','Oz','Iz','O1'}
3.70596218976108;0.845153990658847;-5.12212971754658;1.98777462773172;24;6;[1 2] ;RDK5;left;peri;14;green;presented;irrelevant;irrelevant + not attended;{'P6','P8','P10','PO4','PO8','O2','I2','POz','Oz','Iz','O1'}
